-- Insert continents
INSERT INTO continent (id, name, url_image) VALUES (1, 'Africa', '');
INSERT INTO continent (id, name, url_image) VALUES (2, 'Asia', '');
INSERT INTO continent (id, name, url_image) VALUES (3, 'Europe', '');
INSERT INTO continent (id, name, url_image) VALUES (4, 'North America', '');
INSERT INTO continent (id, name, url_image) VALUES (5, 'South America', '');
INSERT INTO continent (id, name, url_image) VALUES (6, 'Oceania', '');
INSERT INTO continent (id, name, url_image) VALUES (7, 'Antarctica', '');

-- AFRICA (continent_id = 1)
INSERT INTO country (id, name, url_image, continent_id) VALUES (1, 'Algeria', '', 1);
INSERT INTO country (id, name, url_image, continent_id) VALUES (2, 'Angola', '', 1);
INSERT INTO country (id, name, url_image, continent_id) VALUES (3, 'Benin', '', 1);
INSERT INTO country (id, name, url_image, continent_id) VALUES (4, 'Botswana', '', 1);
INSERT INTO country (id, name, url_image, continent_id) VALUES (5, 'Burkina Faso', '', 1);
INSERT INTO country (id, name, url_image, continent_id) VALUES (6, 'Burundi', '', 1);
INSERT INTO country (id, name, url_image, continent_id) VALUES (7, 'Cabo Verde', '', 1);
INSERT INTO country (id, name, url_image, continent_id) VALUES (8, 'Cameroon', '', 1);
INSERT INTO country (id, name, url_image, continent_id) VALUES (9, 'Central African Republic', '', 1);
INSERT INTO country (id, name, url_image, continent_id) VALUES (10, 'Chad', '', 1);
INSERT INTO country (id, name, url_image, continent_id) VALUES (11, 'Comoros', '', 1);
INSERT INTO country (id, name, url_image, continent_id) VALUES (12, 'Democratic Republic of the Congo', '', 1);
INSERT INTO country (id, name, url_image, continent_id) VALUES (13, 'Republic of the Congo', '', 1);
INSERT INTO country (id, name, url_image, continent_id) VALUES (14, 'Djibouti', '', 1);
INSERT INTO country (id, name, url_image, continent_id) VALUES (15, 'Egypt', '', 1);
INSERT INTO country (id, name, url_image, continent_id) VALUES (16, 'Equatorial Guinea', '', 1);
INSERT INTO country (id, name, url_image, continent_id) VALUES (17, 'Eritrea', '', 1);
INSERT INTO country (id, name, url_image, continent_id) VALUES (18, 'Eswatini', '', 1);
INSERT INTO country (id, name, url_image, continent_id) VALUES (19, 'Ethiopia', '', 1);
INSERT INTO country (id, name, url_image, continent_id) VALUES (20, 'Gabon', '', 1);
INSERT INTO country (id, name, url_image, continent_id) VALUES (21, 'Gambia', '', 1);
INSERT INTO country (id, name, url_image, continent_id) VALUES (22, 'Ghana', '', 1);
INSERT INTO country (id, name, url_image, continent_id) VALUES (23, 'Guinea', '', 1);
INSERT INTO country (id, name, url_image, continent_id) VALUES (24, 'Guinea-Bissau', '', 1);
INSERT INTO country (id, name, url_image, continent_id) VALUES (25, 'Ivory Coast', '', 1);
INSERT INTO country (id, name, url_image, continent_id) VALUES (26, 'Kenya', '', 1);
INSERT INTO country (id, name, url_image, continent_id) VALUES (27, 'Lesotho', '', 1);
INSERT INTO country (id, name, url_image, continent_id) VALUES (28, 'Liberia', '', 1);
INSERT INTO country (id, name, url_image, continent_id) VALUES (29, 'Libya', '', 1);
INSERT INTO country (id, name, url_image, continent_id) VALUES (30, 'Madagascar', '', 1);
INSERT INTO country (id, name, url_image, continent_id) VALUES (31, 'Malawi', '', 1);
INSERT INTO country (id, name, url_image, continent_id) VALUES (32, 'Mali', '', 1);
INSERT INTO country (id, name, url_image, continent_id) VALUES (33, 'Mauritania', '', 1);
INSERT INTO country (id, name, url_image, continent_id) VALUES (34, 'Mauritius', '', 1);
INSERT INTO country (id, name, url_image, continent_id) VALUES (35, 'Morocco', '', 1);
INSERT INTO country (id, name, url_image, continent_id) VALUES (36, 'Mozambique', '', 1);
INSERT INTO country (id, name, url_image, continent_id) VALUES (37, 'Namibia', '', 1);
INSERT INTO country (id, name, url_image, continent_id) VALUES (38, 'Niger', '', 1);
INSERT INTO country (id, name, url_image, continent_id) VALUES (39, 'Nigeria', '', 1);
INSERT INTO country (id, name, url_image, continent_id) VALUES (40, 'Rwanda', '', 1);
INSERT INTO country (id, name, url_image, continent_id) VALUES (41, 'Sao Tome and Principe', '', 1);
INSERT INTO country (id, name, url_image, continent_id) VALUES (42, 'Senegal', '', 1);
INSERT INTO country (id, name, url_image, continent_id) VALUES (43, 'Seychelles', '', 1);
INSERT INTO country (id, name, url_image, continent_id) VALUES (44, 'Sierra Leone', '', 1);
INSERT INTO country (id, name, url_image, continent_id) VALUES (45, 'Somalia', '', 1);
INSERT INTO country (id, name, url_image, continent_id) VALUES (46, 'South Africa', '', 1);
INSERT INTO country (id, name, url_image, continent_id) VALUES (47, 'South Sudan', '', 1);
INSERT INTO country (id, name, url_image, continent_id) VALUES (48, 'Sudan', '', 1);
INSERT INTO country (id, name, url_image, continent_id) VALUES (49, 'Tanzania', '', 1);
INSERT INTO country (id, name, url_image, continent_id) VALUES (50, 'Togo', '', 1);
INSERT INTO country (id, name, url_image, continent_id) VALUES (51, 'Tunisia', '', 1);
INSERT INTO country (id, name, url_image, continent_id) VALUES (52, 'Uganda', '', 1);
INSERT INTO country (id, name, url_image, continent_id) VALUES (53, 'Zambia', '', 1);
INSERT INTO country (id, name, url_image, continent_id) VALUES (54, 'Zimbabwe', '', 1);




-- ASIA (continent_id = 2)
INSERT INTO country (id, name, url_image, continent_id) VALUES (55, 'Afghanistan', '', 2);
INSERT INTO country (id, name, url_image, continent_id) VALUES (56, 'Armenia', '', 2);
INSERT INTO country (id, name, url_image, continent_id) VALUES (57, 'Azerbaijan', '', 2);
INSERT INTO country (id, name, url_image, continent_id) VALUES (58, 'Bahrain', '', 2);
INSERT INTO country (id, name, url_image, continent_id) VALUES (59, 'Bangladesh', '', 2);
INSERT INTO country (id, name, url_image, continent_id) VALUES (60, 'Bhutan', '', 2);
INSERT INTO country (id, name, url_image, continent_id) VALUES (61, 'Brunei', '', 2);
INSERT INTO country (id, name, url_image, continent_id) VALUES (62, 'Cambodia', '', 2);
INSERT INTO country (id, name, url_image, continent_id) VALUES (63, 'China', '', 2);
INSERT INTO country (id, name, url_image, continent_id) VALUES (64, 'Cyprus', '', 2);
INSERT INTO country (id, name, url_image, continent_id) VALUES (65, 'Georgia', '', 2);
INSERT INTO country (id, name, url_image, continent_id) VALUES (66, 'India', '', 2);
INSERT INTO country (id, name, url_image, continent_id) VALUES (67, 'Indonesia', '', 2);
INSERT INTO country (id, name, url_image, continent_id) VALUES (68, 'Iran', '', 2);
INSERT INTO country (id, name, url_image, continent_id) VALUES (69, 'Iraq', '', 2);
INSERT INTO country (id, name, url_image, continent_id) VALUES (70, 'Israel', '', 2);
INSERT INTO country (id, name, url_image, continent_id) VALUES (71, 'Japan', '', 2);
INSERT INTO country (id, name, url_image, continent_id) VALUES (72, 'Jordan', '', 2);
INSERT INTO country (id, name, url_image, continent_id) VALUES (73, 'Kazakhstan', '', 2);
INSERT INTO country (id, name, url_image, continent_id) VALUES (74, 'Kuwait', '', 2);
INSERT INTO country (id, name, url_image, continent_id) VALUES (75, 'Kyrgyzstan', '', 2);
INSERT INTO country (id, name, url_image, continent_id) VALUES (76, 'Laos', '', 2);
INSERT INTO country (id, name, url_image, continent_id) VALUES (77, 'Lebanon', '', 2);
INSERT INTO country (id, name, url_image, continent_id) VALUES (78, 'Malaysia', '', 2);
INSERT INTO country (id, name, url_image, continent_id) VALUES (79, 'Maldives', '', 2);
INSERT INTO country (id, name, url_image, continent_id) VALUES (80, 'Mongolia', '', 2);
INSERT INTO country (id, name, url_image, continent_id) VALUES (81, 'Myanmar (Burma)', '', 2);
INSERT INTO country (id, name, url_image, continent_id) VALUES (82, 'Nepal', '', 2);
INSERT INTO country (id, name, url_image, continent_id) VALUES (83, 'North Korea', '', 2);
INSERT INTO country (id, name, url_image, continent_id) VALUES (84, 'Oman', '', 2);
INSERT INTO country (id, name, url_image, continent_id) VALUES (85, 'Pakistan', '', 2);
INSERT INTO country (id, name, url_image, continent_id) VALUES (86, 'Palestine', '', 2);
INSERT INTO country (id, name, url_image, continent_id) VALUES (87, 'Philippines', '', 2);
INSERT INTO country (id, name, url_image, continent_id) VALUES (88, 'Qatar', '', 2);
INSERT INTO country (id, name, url_image, continent_id) VALUES (89, 'Russia', '', 2);
INSERT INTO country (id, name, url_image, continent_id) VALUES (90, 'Saudi Arabia', '', 2);
INSERT INTO country (id, name, url_image, continent_id) VALUES (91, 'Singapore', '', 2);
INSERT INTO country (id, name, url_image, continent_id) VALUES (92, 'South Korea', '', 2);
INSERT INTO country (id, name, url_image, continent_id) VALUES (93, 'Sri Lanka', '', 2);
INSERT INTO country (id, name, url_image, continent_id) VALUES (94, 'Syria', '', 2);
INSERT INTO country (id, name, url_image, continent_id) VALUES (95, 'Taiwan', '', 2);
INSERT INTO country (id, name, url_image, continent_id) VALUES (96, 'Tajikistan', '', 2);
INSERT INTO country (id, name, url_image, continent_id) VALUES (97, 'Thailand', '', 2);
INSERT INTO country (id, name, url_image, continent_id) VALUES (98, 'Timor-Leste', '', 2);
INSERT INTO country (id, name, url_image, continent_id) VALUES (99, 'Turkey', '', 2);
INSERT INTO country (id, name, url_image, continent_id) VALUES (100, 'Turkmenistan', '', 2);
INSERT INTO country (id, name, url_image, continent_id) VALUES (101, 'United Arab Emirates', '', 2);
INSERT INTO country (id, name, url_image, continent_id) VALUES (102, 'Uzbekistan', '', 2);
INSERT INTO country (id, name, url_image, continent_id) VALUES (103, 'Vietnam', '', 2);
INSERT INTO country (id, name, url_image, continent_id) VALUES (104, 'Yemen', '', 2);






-- EUROPE
INSERT INTO country (id, name, url_image, continent_id) VALUES (105, 'Albania', '', 3);
INSERT INTO country (id, name, url_image, continent_id) VALUES (106, 'Andorra', '', 3);
INSERT INTO country (id, name, url_image, continent_id) VALUES (107, 'Austria', '', 3);
INSERT INTO country (id, name, url_image, continent_id) VALUES (108, 'Belarus', '', 3);
INSERT INTO country (id, name, url_image, continent_id) VALUES (109, 'Belgium', '', 3);
INSERT INTO country (id, name, url_image, continent_id) VALUES (110, 'Bosnia and Herzegovina', '', 3);
INSERT INTO country (id, name, url_image, continent_id) VALUES (111, 'Bulgaria', '', 3);
INSERT INTO country (id, name, url_image, continent_id) VALUES (112, 'Croatia', '', 3);
INSERT INTO country (id, name, url_image, continent_id) VALUES (113, 'Czech Republic', '', 3);
INSERT INTO country (id, name, url_image, continent_id) VALUES (114, 'Denmark', '', 3);
INSERT INTO country (id, name, url_image, continent_id) VALUES (115, 'Estonia', '', 3);
INSERT INTO country (id, name, url_image, continent_id) VALUES (116, 'Finland', '', 3);
INSERT INTO country (id, name, url_image, continent_id) VALUES (117, 'France', '', 3);
INSERT INTO country (id, name, url_image, continent_id) VALUES (118, 'Germany', '', 3);
INSERT INTO country (id, name, url_image, continent_id) VALUES (119, 'Greece', '', 3);
INSERT INTO country (id, name, url_image, continent_id) VALUES (120, 'Hungary', '', 3);
INSERT INTO country (id, name, url_image, continent_id) VALUES (121, 'Iceland', '', 3);
INSERT INTO country (id, name, url_image, continent_id) VALUES (122, 'Ireland', '', 3);
INSERT INTO country (id, name, url_image, continent_id) VALUES (123, 'Italy', '', 3);
INSERT INTO country (id, name, url_image, continent_id) VALUES (124, 'Kosovo', '', 3);
INSERT INTO country (id, name, url_image, continent_id) VALUES (125, 'Latvia', '', 3);
INSERT INTO country (id, name, url_image, continent_id) VALUES (126, 'Liechtenstein', '', 3);
INSERT INTO country (id, name, url_image, continent_id) VALUES (127, 'Lithuania', '', 3);
INSERT INTO country (id, name, url_image, continent_id) VALUES (128, 'Luxembourg', '', 3);
INSERT INTO country (id, name, url_image, continent_id) VALUES (129, 'Malta', '', 3);
INSERT INTO country (id, name, url_image, continent_id) VALUES (130, 'Moldova', '', 3);
INSERT INTO country (id, name, url_image, continent_id) VALUES (131, 'Monaco', '', 3);
INSERT INTO country (id, name, url_image, continent_id) VALUES (132, 'Montenegro', '', 3);
INSERT INTO country (id, name, url_image, continent_id) VALUES (133, 'Netherlands', '', 3);
INSERT INTO country (id, name, url_image, continent_id) VALUES (134, 'North Macedonia', '', 3);
INSERT INTO country (id, name, url_image, continent_id) VALUES (135, 'Norway', '', 3);
INSERT INTO country (id, name, url_image, continent_id) VALUES (136, 'Poland', '', 3);
INSERT INTO country (id, name, url_image, continent_id) VALUES (137, 'Portugal', '', 3);
INSERT INTO country (id, name, url_image, continent_id) VALUES (138, 'Romania', '', 3);
INSERT INTO country (id, name, url_image, continent_id) VALUES (139, 'Russia', '', 3);
INSERT INTO country (id, name, url_image, continent_id) VALUES (140, 'San Marino', '', 3);
INSERT INTO country (id, name, url_image, continent_id) VALUES (141, 'Serbia', '', 3);
INSERT INTO country (id, name, url_image, continent_id) VALUES (142, 'Slovakia', '', 3);
INSERT INTO country (id, name, url_image, continent_id) VALUES (143, 'Slovenia', '', 3);
INSERT INTO country (id, name, url_image, continent_id) VALUES (144, 'Spain', '', 3);
INSERT INTO country (id, name, url_image, continent_id) VALUES (145, 'Sweden', '', 3);
INSERT INTO country (id, name, url_image, continent_id) VALUES (146, 'Switzerland', '', 3);
INSERT INTO country (id, name, url_image, continent_id) VALUES (147, 'Ukraine', '', 3);
INSERT INTO country (id, name, url_image, continent_id) VALUES (148, 'United Kingdom', '', 3);
INSERT INTO country (id, name, url_image, continent_id) VALUES (149, 'Vatican City', '', 3);




-- NORTH AMERICA
INSERT INTO country (id, name, url_image, continent_id) VALUES (150, 'Antigua and Barbuda', '', 4);
INSERT INTO country (id, name, url_image, continent_id) VALUES (151, 'Bahamas', '', 4);
INSERT INTO country (id, name, url_image, continent_id) VALUES (152, 'Barbados', '', 4);
INSERT INTO country (id, name, url_image, continent_id) VALUES (153, 'Belize', '', 4);
INSERT INTO country (id, name, url_image, continent_id) VALUES (154, 'Canada', '', 4);
INSERT INTO country (id, name, url_image, continent_id) VALUES (155, 'Costa Rica', '', 4);
INSERT INTO country (id, name, url_image, continent_id) VALUES (156, 'Cuba', '', 4);
INSERT INTO country (id, name, url_image, continent_id) VALUES (157, 'Dominica', '', 4);
INSERT INTO country (id, name, url_image, continent_id) VALUES (158, 'Dominican Republic', '', 4);
--INSERT INTO country (id, name, url_image, continent_id) VALUES (159, 'El Salvador', '', 4);
INSERT INTO country (id, name, url_image, continent_id) VALUES (160, 'Grenada', '', 4);
INSERT INTO country (id, name, url_image, continent_id) VALUES (161, 'Guatemala', '', 4);
INSERT INTO country (id, name, url_image, continent_id) VALUES (162, 'Haiti', '', 4);
INSERT INTO country (id, name, url_image, continent_id) VALUES (163, 'Honduras', '', 4);
INSERT INTO country (id, name, url_image, continent_id) VALUES (164, 'Jamaica', '', 4);
INSERT INTO country (id, name, url_image, continent_id) VALUES (165, 'Mexico', '', 4);
INSERT INTO country (id, name, url_image, continent_id) VALUES (166, 'Nicaragua', '', 4);
INSERT INTO country (id, name, url_image, continent_id) VALUES (167, 'Panama', '', 4);
INSERT INTO country (id, name, url_image, continent_id) VALUES (168, 'Saint Kitts and Nevis', '', 4);
INSERT INTO country (id, name, url_image, continent_id) VALUES (169, 'Saint Lucia', '', 4);
INSERT INTO country (id, name, url_image, continent_id) VALUES (170, 'Saint Vincent and the Grenadines', '', 4);
INSERT INTO country (id, name, url_image, continent_id) VALUES (171, 'Trinidad and Tobago', '', 4);
INSERT INTO country (id, name, url_image, continent_id) VALUES (172, 'United States', '', 4);





-- SOUTH AMERICA
INSERT INTO country (id, name, url_image, continent_id) VALUES (173, 'Argentina', '', 5);
INSERT INTO country (id, name, url_image, continent_id) VALUES (174, 'Bolivia', '', 5);
INSERT INTO country (id, name, url_image, continent_id) VALUES (175, 'Brazil', '', 5);
INSERT INTO country (id, name, url_image, continent_id) VALUES (176, 'Chile', '', 5);
INSERT INTO country (id, name, url_image, continent_id) VALUES (177, 'Colombia', '', 5);
INSERT INTO country (id, name, url_image, continent_id) VALUES (178, 'Ecuador', '', 5);
INSERT INTO country (id, name, url_image, continent_id) VALUES (179, 'Guyana', '', 5);
INSERT INTO country (id, name, url_image, continent_id) VALUES (180, 'Paraguay', '', 5);
INSERT INTO country (id, name, url_image, continent_id) VALUES (181, 'Peru', '', 5);
INSERT INTO country (id, name, url_image, continent_id) VALUES (182, 'Suriname', '', 5);
INSERT INTO country (id, name, url_image, continent_id) VALUES (183, 'Uruguay', '', 5);
INSERT INTO country (id, name, url_image, continent_id) VALUES (184, 'Venezuela', '', 5);







-- OCEANIA
INSERT INTO country (id, name, url_image, continent_id) VALUES (185, 'Australia', '', 6);
INSERT INTO country (id, name, url_image, continent_id) VALUES (186, 'Fiji', '', 6);
INSERT INTO country (id, name, url_image, continent_id) VALUES (187, 'Kiribati', '', 6);
INSERT INTO country (id, name, url_image, continent_id) VALUES (188, 'Marshall Islands', '', 6);
INSERT INTO country (id, name, url_image, continent_id) VALUES (189, 'Micronesia', '', 6);
INSERT INTO country (id, name, url_image, continent_id) VALUES (190, 'Nauru', '', 6);
INSERT INTO country (id, name, url_image, continent_id) VALUES (191, 'New Zealand', '', 6);
INSERT INTO country (id, name, url_image, continent_id) VALUES (192, 'Palau', '', 6);
INSERT INTO country (id, name, url_image, continent_id) VALUES (193, 'Papua New Guinea', '', 6);
INSERT INTO country (id, name, url_image, continent_id) VALUES (194, 'Samoa', '', 6);
INSERT INTO country (id, name, url_image, continent_id) VALUES (195, 'Solomon Islands', '', 6);
INSERT INTO country (id, name, url_image, continent_id) VALUES (196, 'Tonga', '', 6);
INSERT INTO country (id, name, url_image, continent_id) VALUES (197, 'Tuvalu', '', 6);
INSERT INTO country (id, name, url_image, continent_id) VALUES (198, 'Vanuatu', '', 6);



--admin password:"a"
INSERT INTO users (id, name, surname, email) VALUES (nextval('users_seq'), 'admin', 'admin', 'admin@admin.com');
INSERT INTO credentials (id, username, password, role, user_id) VALUES (nextval('credentials_seq'), 'admin','$2a$10$t2IKSFIwQXZPe4GtNGpzuu5DlTYFIYBIy1lUbxyNYbm0MS2YpFQU.','ADMIN', currval('users_seq'));




--users password:"p"
INSERT INTO users (id, name, surname, email) VALUES (nextval('users_seq'), 'p', 'p', 'p');
INSERT INTO credentials (id, username, password, role, user_id) VALUES (nextval('credentials_seq'), 'p','$2a$10$yo5IFu4/ET4S7P8Fe5KEZeRPiARzRDw.VaCg4NR4rXMRFG1j2xZli','DEFAULT', currval('users_seq'));

